﻿<?xml version="1.0" encoding="utf-8"?>
<MA xmlns:xsi="http://www.w3.org/2001/XMLSchema-instance" xmlns="http://schemas.malighting.de/grandma2/xml/MA" xsi:schemaLocation="http://schemas.malighting.de/grandma2/xml/MA http://schemas.malighting.de/grandma2/xml/2.9.1/MA.xsd" major_vers="2" minor_vers="9" stream_vers="1">
	<Info datetime="2014-07-10T13:28:58" showfile="cuco.10.7.2014.13h26m22.565s" />
	<Macro index="0" name="Name + save">
		<Macroline index="0">
			<text>SetVar $nombre=(&quot;Show name? don&apos;t use spaces!!!&quot;)</text>
		</Macroline>
		<Macroline index="1" delay="0.1">
			<text>ChangeDest //</text>
			<info>.1</info>
		</Macroline>
		<Macroline index="2" delay="0.1">
			<text>SelectDrive 1</text>
		</Macroline>
		<Macroline index="3" delay="3">
			<text>SaveShow $nombre.$date.$time</text>
		</Macroline>
		<Macroline index="4" delay="0.1">
			<text>SelectDrive 4</text>
		</Macroline>
		<Macroline index="5" delay="3">
			<text>SaveShow $nombre.$date.$time</text>
		</Macroline>
		<Macroline index="6" delay="0.1">
			<text>SelectDrive 1</text>
		</Macroline>
	</Macro>
</MA>