﻿<?xml version="1.0" encoding="utf-8"?>
<MA xmlns:xsi="http://www.w3.org/2001/XMLSchema-instance" xmlns="http://schemas.malighting.de/grandma2/xml/MA" xsi:schemaLocation="http://schemas.malighting.de/grandma2/xml/MA http://schemas.malighting.de/grandma2/xml/2.5.3/MA.xsd" major_vers="2" minor_vers="5" stream_vers="3">
	<Info datetime="2012-03-03T21:01:02" showfile="nambour 3d" />
	<MidiRemotes index="1">
		<RemoteMidi index="0" channel="14" type="macro_line">
			<macro_line>Attribute &quot;Dim&quot; At + $ENC_RES</macro_line>
		</RemoteMidi>
		<RemoteMidi index="1" note="1" channel="14" type="macro_line">
			<macro_line>Attribute &quot;Dim&quot; At - $ENC_RES</macro_line>
		</RemoteMidi>
		<RemoteMidi index="2" note="2" channel="14" type="macro_line">
			<macro_line>Attribute &quot;Pan&quot; At + $ENC_RES</macro_line>
		</RemoteMidi>
		<RemoteMidi index="3" note="3" channel="14" type="macro_line">
			<macro_line>Attribute &quot;Pan&quot; At - $ENC_RES</macro_line>
		</RemoteMidi>
		<RemoteMidi index="4" note="4" channel="14" type="macro_line">
			<macro_line>Attribute &quot;Tilt&quot; At + $ENC_RES</macro_line>
		</RemoteMidi>
		<RemoteMidi index="5" note="5" channel="14" type="macro_line">
			<macro_line>Attribute &quot;Tilt&quot; At - $ENC_RES</macro_line>
		</RemoteMidi>
		<RemoteMidi index="6" note="6" channel="14" type="macro_line">
			<macro_line>Attribute &quot;Gobo1&quot; At + $ENC_RES</macro_line>
		</RemoteMidi>
		<RemoteMidi index="7" note="7" channel="14" type="macro_line">
			<macro_line>Attribute &quot;Gobo1&quot; At - $ENC_RES</macro_line>
		</RemoteMidi>
		<RemoteMidi index="8" note="8" channel="14" type="macro_line">
			<macro_line>Attribute &quot;Color1&quot; At + $ENC_RES</macro_line>
		</RemoteMidi>
		<RemoteMidi index="9" note="9" channel="14" type="macro_line">
			<macro_line>Attribute &quot;Color1&quot; At - $ENC_RES</macro_line>
		</RemoteMidi>
		<RemoteMidi index="10" note="10" channel="14" type="macro_line">
			<macro_line>Attribute &quot;Focus&quot; At + $ENC_RES</macro_line>
		</RemoteMidi>
		<RemoteMidi index="11" note="11" channel="14" type="macro_line">
			<macro_line>Attribute &quot;Focus&quot; At - $ENC_RES</macro_line>
		</RemoteMidi>
		<RemoteMidi index="12" note="12" channel="14" type="macro_line">
			<macro_line>Attribute &quot;Zoom&quot; At + $ENC_RES</macro_line>
		</RemoteMidi>
		<RemoteMidi index="13" note="13" channel="14" type="macro_line">
			<macro_line>Attribute &quot;Zoom&quot; At - $ENC_RES</macro_line>
		</RemoteMidi>
		<RemoteMidi index="14" note="14" channel="14" type="macro_line">
			<macro_line>SetUserVar ENC_RES At &quot;1&quot;</macro_line>
		</RemoteMidi>
		<RemoteMidi index="15" note="15" channel="14" type="macro_line">
			<macro_line>SetUserVar ENC_RES At &quot;0.1&quot;</macro_line>
		</RemoteMidi>
		<RemoteMidi index="16" note="16" channel="14" type="macro_line">
			<macro_line>Attribute &quot;Iris&quot; At + $ENC_RES</macro_line>
		</RemoteMidi>
		<RemoteMidi index="17" note="17" channel="14" type="macro_line">
			<macro_line>Attribute &quot;Iris&quot; At - $ENC_RES</macro_line>
		</RemoteMidi>
		<RemoteMidi index="18" channel="13" type="hardkey" tasten_code="V1" />
		<RemoteMidi index="19" note="1" channel="13" type="hardkey" tasten_code="V2" />
		<RemoteMidi index="20" note="2" channel="13" type="hardkey" tasten_code="V3" />
		<RemoteMidi index="21" note="3" channel="13" type="hardkey" tasten_code="V4" />
		<RemoteMidi index="22" note="4" channel="13" type="hardkey" tasten_code="STORE" />
		<RemoteMidi index="23" note="5" channel="13" type="hardkey" tasten_code="LEARN" />
		<RemoteMidi index="24" note="6" channel="13" type="hardkey" tasten_code="EDIT" />
		<RemoteMidi index="25" note="7" channel="13" type="hardkey" tasten_code="ESC" />
		<RemoteMidi index="26" note="8" channel="13" type="hardkey" tasten_code="CLEAR" />
		<RemoteMidi index="27" note="9" channel="13" type="hardkey" tasten_code="DEF_GO_MINUS" />
		<RemoteMidi index="28" note="10" channel="13" type="hardkey" tasten_code="OOPS" />
		<RemoteMidi index="29" note="11" channel="13" type="hardkey" tasten_code="DEF_PAUSE" />
		<RemoteMidi index="30" channel="10" type="exec" button_type="below_fader" />
		<RemoteMidi index="31" channel="11" type="exec" button_type="above_fader" />
		<RemoteMidi index="32" channel="12" type="exec" />
		<RemoteMidi index="33" note="1" channel="10" type="exec" exec="1" button_type="below_fader" />
		<RemoteMidi index="34" note="1" channel="11" type="exec" exec="1" button_type="above_fader" />
		<RemoteMidi index="35" note="1" channel="12" type="exec" exec="1" />
		<RemoteMidi index="36" note="2" channel="10" type="exec" exec="2" button_type="below_fader" />
		<RemoteMidi index="37" note="2" channel="11" type="exec" exec="2" button_type="above_fader" />
		<RemoteMidi index="38" note="2" channel="12" type="exec" exec="2" />
		<RemoteMidi index="39" note="3" channel="10" type="exec" exec="3" button_type="below_fader" />
		<RemoteMidi index="40" note="3" channel="11" type="exec" exec="3" button_type="above_fader" />
		<RemoteMidi index="41" note="3" channel="12" type="exec" exec="3" />
		<RemoteMidi index="42" note="4" channel="10" type="exec" exec="4" button_type="below_fader" />
		<RemoteMidi index="43" note="4" channel="11" type="exec" exec="4" button_type="above_fader" />
		<RemoteMidi index="44" note="4" channel="12" type="exec" exec="4" />
		<RemoteMidi index="45" note="5" channel="10" type="exec" exec="5" button_type="below_fader" />
		<RemoteMidi index="46" note="5" channel="11" type="exec" exec="5" button_type="above_fader" />
		<RemoteMidi index="47" note="5" channel="12" type="exec" exec="5" />
		<RemoteMidi index="48" note="6" channel="10" type="exec" exec="6" button_type="below_fader" />
		<RemoteMidi index="49" note="6" channel="11" type="exec" exec="6" button_type="above_fader" />
		<RemoteMidi index="50" note="6" channel="12" type="exec" exec="6" />
		<RemoteMidi index="51" note="7" channel="10" type="exec" exec="7" button_type="below_fader" />
		<RemoteMidi index="52" note="7" channel="11" type="exec" exec="7" button_type="above_fader" />
		<RemoteMidi index="53" note="7" channel="12" type="exec" exec="7" />
		<RemoteMidi index="54" note="8" channel="10" type="exec" exec="8" button_type="below_fader" />
		<RemoteMidi index="55" note="8" channel="11" type="exec" exec="8" button_type="above_fader" />
		<RemoteMidi index="56" note="8" channel="12" type="exec" exec="8" />
		<RemoteMidi index="57" note="9" channel="10" type="exec" exec="9" button_type="below_fader" />
		<RemoteMidi index="58" note="9" channel="11" type="exec" exec="9" button_type="above_fader" />
		<RemoteMidi index="59" note="9" channel="12" type="exec" exec="9" />
		<RemoteMidi index="60" note="10" channel="10" type="exec" exec="10" button_type="below_fader" />
		<RemoteMidi index="61" note="10" channel="11" type="exec" exec="10" button_type="above_fader" />
		<RemoteMidi index="62" note="10" channel="12" type="exec" exec="10" />
		<RemoteMidi index="63" note="11" channel="10" type="exec" exec="11" button_type="below_fader" />
		<RemoteMidi index="64" note="11" channel="11" type="exec" exec="11" button_type="above_fader" />
		<RemoteMidi index="65" note="11" channel="12" type="exec" exec="11" />
		<RemoteMidi index="66" note="12" channel="10" type="exec" exec="12" button_type="below_fader" />
		<RemoteMidi index="67" note="12" channel="11" type="exec" exec="12" button_type="above_fader" />
		<RemoteMidi index="68" note="12" channel="12" type="exec" exec="12" />
		<RemoteMidi index="69" note="13" channel="10" type="exec" exec="13" button_type="below_fader" />
		<RemoteMidi index="70" note="13" channel="11" type="exec" exec="13" button_type="above_fader" />
		<RemoteMidi index="71" note="13" channel="12" type="exec" exec="13" />
		<RemoteMidi index="72" note="14" channel="10" type="exec" exec="14" button_type="below_fader" />
		<RemoteMidi index="73" note="14" channel="11" type="exec" exec="14" button_type="above_fader" />
		<RemoteMidi index="74" note="14" channel="12" type="exec" exec="14" />
		<RemoteMidi index="75" note="15" channel="10" type="exec" exec="15" button_type="below_fader" />
		<RemoteMidi index="76" note="15" channel="11" type="exec" exec="15" button_type="above_fader" />
		<RemoteMidi index="77" note="15" channel="12" type="exec" exec="15" />
		<RemoteMidi index="78" note="16" channel="10" type="exec" exec="16" button_type="below_fader" />
		<RemoteMidi index="79" note="16" channel="11" type="exec" exec="16" button_type="above_fader" />
		<RemoteMidi index="80" note="16" channel="12" type="exec" exec="16" />
		<RemoteMidi index="81" note="17" channel="10" type="exec" exec="17" button_type="below_fader" />
		<RemoteMidi index="82" note="17" channel="11" type="exec" exec="17" button_type="above_fader" />
		<RemoteMidi index="83" note="17" channel="12" type="exec" exec="17" />
		<RemoteMidi index="84" note="18" channel="10" type="exec" exec="18" button_type="below_fader" />
		<RemoteMidi index="85" note="18" channel="11" type="exec" exec="18" button_type="above_fader" />
		<RemoteMidi index="86" note="18" channel="12" type="exec" exec="18" />
		<RemoteMidi index="87" note="19" channel="10" type="exec" exec="19" button_type="below_fader" />
		<RemoteMidi index="88" note="19" channel="11" type="exec" exec="19" button_type="above_fader" />
		<RemoteMidi index="89" note="19" channel="12" type="exec" exec="19" />
		<RemoteMidi index="90" note="20" channel="10" type="exec" exec="20" button_type="below_fader" />
		<RemoteMidi index="91" note="20" channel="11" type="exec" exec="20" button_type="above_fader" />
		<RemoteMidi index="92" note="20" channel="12" type="exec" exec="20" />
		<RemoteMidi index="93" note="21" channel="10" type="exec" exec="21" button_type="below_fader" />
		<RemoteMidi index="94" note="21" channel="11" type="exec" exec="21" button_type="above_fader" />
		<RemoteMidi index="95" note="21" channel="12" type="exec" exec="21" />
		<RemoteMidi index="96" note="22" channel="10" type="exec" exec="22" button_type="below_fader" />
		<RemoteMidi index="97" note="22" channel="11" type="exec" exec="22" button_type="above_fader" />
		<RemoteMidi index="98" note="22" channel="12" type="exec" exec="22" />
		<RemoteMidi index="99" note="23" channel="10" type="exec" exec="23" button_type="below_fader" />
		<RemoteMidi index="100" note="23" channel="11" type="exec" exec="23" button_type="above_fader" />
		<RemoteMidi index="101" note="23" channel="12" type="exec" exec="23" />
		<RemoteMidi index="102" note="24" channel="10" type="exec" exec="24" button_type="below_fader" />
		<RemoteMidi index="103" note="24" channel="11" type="exec" exec="24" button_type="above_fader" />
		<RemoteMidi index="104" note="24" channel="12" type="exec" exec="24" />
		<RemoteMidi index="105" note="25" channel="10" type="exec" exec="25" button_type="below_fader" />
		<RemoteMidi index="106" note="25" channel="11" type="exec" exec="25" button_type="above_fader" />
		<RemoteMidi index="107" note="25" channel="12" type="exec" exec="25" />
		<RemoteMidi index="108" note="26" channel="10" type="exec" exec="26" button_type="below_fader" />
		<RemoteMidi index="109" note="26" channel="11" type="exec" exec="26" button_type="above_fader" />
		<RemoteMidi index="110" note="26" channel="12" type="exec" exec="26" />
		<RemoteMidi index="111" note="27" channel="10" type="exec" exec="27" button_type="below_fader" />
		<RemoteMidi index="112" note="27" channel="11" type="exec" exec="27" button_type="above_fader" />
		<RemoteMidi index="113" note="27" channel="12" type="exec" exec="27" />
		<RemoteMidi index="114" note="28" channel="10" type="exec" exec="28" button_type="below_fader" />
		<RemoteMidi index="115" note="28" channel="11" type="exec" exec="28" button_type="above_fader" />
		<RemoteMidi index="116" note="28" channel="12" type="exec" exec="28" />
		<RemoteMidi index="117" note="29" channel="10" type="exec" exec="29" button_type="below_fader" />
		<RemoteMidi index="118" note="29" channel="11" type="exec" exec="29" button_type="above_fader" />
		<RemoteMidi index="119" note="29" channel="12" type="exec" exec="29" />
		<RemoteMidi index="120" note="30" channel="10" type="exec" exec="30" button_type="below_fader" />
		<RemoteMidi index="121" note="30" channel="11" type="exec" exec="30" button_type="above_fader" />
		<RemoteMidi index="122" note="30" channel="12" type="exec" exec="30" />
		<RemoteMidi index="123" note="31" channel="10" type="exec" exec="31" button_type="below_fader" />
		<RemoteMidi index="124" note="31" channel="11" type="exec" exec="31" button_type="above_fader" />
		<RemoteMidi index="125" note="31" channel="12" type="exec" exec="31" />
		<RemoteMidi index="126" note="32" channel="10" type="exec" exec="32" button_type="below_fader" />
		<RemoteMidi index="127" note="32" channel="11" type="exec" exec="32" button_type="above_fader" />
		<RemoteMidi index="128" note="32" channel="12" type="exec" exec="32" />
		<RemoteMidi index="129" note="33" channel="10" type="exec" exec="33" button_type="below_fader" />
		<RemoteMidi index="130" note="33" channel="11" type="exec" exec="33" button_type="above_fader" />
		<RemoteMidi index="131" note="33" channel="12" type="exec" exec="33" />
		<RemoteMidi index="132" note="34" channel="10" type="exec" exec="34" button_type="below_fader" />
		<RemoteMidi index="133" note="34" channel="11" type="exec" exec="34" button_type="above_fader" />
		<RemoteMidi index="134" note="34" channel="12" type="exec" exec="34" />
		<RemoteMidi index="135" note="35" channel="10" type="exec" exec="35" button_type="below_fader" />
		<RemoteMidi index="136" note="35" channel="11" type="exec" exec="35" button_type="above_fader" />
		<RemoteMidi index="137" note="35" channel="12" type="exec" exec="35" />
		<RemoteMidi index="138" note="36" channel="10" type="exec" exec="36" button_type="below_fader" />
		<RemoteMidi index="139" note="36" channel="11" type="exec" exec="36" button_type="above_fader" />
		<RemoteMidi index="140" note="36" channel="12" type="exec" exec="36" />
		<RemoteMidi index="141" note="37" channel="10" type="exec" exec="37" button_type="below_fader" />
		<RemoteMidi index="142" note="37" channel="11" type="exec" exec="37" button_type="above_fader" />
		<RemoteMidi index="143" note="37" channel="12" type="exec" exec="37" />
		<RemoteMidi index="144" note="38" channel="10" type="exec" exec="38" button_type="below_fader" />
		<RemoteMidi index="145" note="38" channel="11" type="exec" exec="38" button_type="above_fader" />
		<RemoteMidi index="146" note="38" channel="12" type="exec" exec="38" />
		<RemoteMidi index="147" note="39" channel="10" type="exec" exec="39" button_type="below_fader" />
		<RemoteMidi index="148" note="39" channel="11" type="exec" exec="39" button_type="above_fader" />
		<RemoteMidi index="149" note="39" channel="12" type="exec" exec="39" />
		<RemoteMidi index="150" note="40" channel="10" type="exec" exec="40" button_type="below_fader" />
		<RemoteMidi index="151" note="40" channel="11" type="exec" exec="40" button_type="above_fader" />
		<RemoteMidi index="152" note="40" channel="12" type="exec" exec="40" />
		<RemoteMidi index="153" note="41" channel="10" type="exec" exec="41" button_type="below_fader" />
		<RemoteMidi index="154" note="41" channel="11" type="exec" exec="41" button_type="above_fader" />
		<RemoteMidi index="155" note="41" channel="12" type="exec" exec="41" />
		<RemoteMidi index="156" note="42" channel="10" type="exec" exec="42" button_type="below_fader" />
		<RemoteMidi index="157" note="42" channel="11" type="exec" exec="42" button_type="above_fader" />
		<RemoteMidi index="158" note="42" channel="12" type="exec" exec="42" />
		<RemoteMidi index="159" note="43" channel="10" type="exec" exec="43" button_type="below_fader" />
		<RemoteMidi index="160" note="43" channel="11" type="exec" exec="43" button_type="above_fader" />
		<RemoteMidi index="161" note="43" channel="12" type="exec" exec="43" />
		<RemoteMidi index="162" note="44" channel="10" type="exec" exec="44" button_type="below_fader" />
		<RemoteMidi index="163" note="44" channel="11" type="exec" exec="44" button_type="above_fader" />
		<RemoteMidi index="164" note="44" channel="12" type="exec" exec="44" />
		<RemoteMidi index="165" note="45" channel="10" type="exec" exec="45" button_type="below_fader" />
		<RemoteMidi index="166" note="45" channel="11" type="exec" exec="45" button_type="above_fader" />
		<RemoteMidi index="167" note="45" channel="12" type="exec" exec="45" />
		<RemoteMidi index="168" note="46" channel="10" type="exec" exec="46" button_type="below_fader" />
		<RemoteMidi index="169" note="46" channel="11" type="exec" exec="46" button_type="above_fader" />
		<RemoteMidi index="170" note="46" channel="12" type="exec" exec="46" />
		<RemoteMidi index="171" note="47" channel="10" type="exec" exec="47" button_type="below_fader" />
		<RemoteMidi index="172" note="47" channel="11" type="exec" exec="47" button_type="above_fader" />
		<RemoteMidi index="173" note="47" channel="12" type="exec" exec="47" />
		<RemoteMidi index="174" note="48" channel="10" type="exec" exec="48" button_type="below_fader" />
		<RemoteMidi index="175" note="48" channel="11" type="exec" exec="48" button_type="above_fader" />
		<RemoteMidi index="176" note="48" channel="12" type="exec" exec="48" />
		<RemoteMidi index="177" note="49" channel="10" type="exec" exec="49" button_type="below_fader" />
		<RemoteMidi index="178" note="49" channel="11" type="exec" exec="49" button_type="above_fader" />
		<RemoteMidi index="179" note="49" channel="12" type="exec" exec="49" />
		<RemoteMidi index="180" note="50" channel="10" type="exec" exec="50" button_type="below_fader" />
		<RemoteMidi index="181" note="50" channel="11" type="exec" exec="50" button_type="above_fader" />
		<RemoteMidi index="182" note="50" channel="12" type="exec" exec="50" />
		<RemoteMidi index="183" note="51" channel="10" type="exec" exec="51" button_type="below_fader" />
		<RemoteMidi index="184" note="51" channel="11" type="exec" exec="51" button_type="above_fader" />
		<RemoteMidi index="185" note="51" channel="12" type="exec" exec="51" />
		<RemoteMidi index="186" note="52" channel="10" type="exec" exec="52" button_type="below_fader" />
		<RemoteMidi index="187" note="52" channel="11" type="exec" exec="52" button_type="above_fader" />
		<RemoteMidi index="188" note="52" channel="12" type="exec" exec="52" />
		<RemoteMidi index="189" note="53" channel="10" type="exec" exec="53" button_type="below_fader" />
		<RemoteMidi index="190" note="53" channel="11" type="exec" exec="53" button_type="above_fader" />
		<RemoteMidi index="191" note="53" channel="12" type="exec" exec="53" />
		<RemoteMidi index="192" note="54" channel="10" type="exec" exec="54" button_type="below_fader" />
		<RemoteMidi index="193" note="54" channel="11" type="exec" exec="54" button_type="above_fader" />
		<RemoteMidi index="194" note="54" channel="12" type="exec" exec="54" />
		<RemoteMidi index="195" note="55" channel="10" type="exec" exec="55" button_type="below_fader" />
		<RemoteMidi index="196" note="55" channel="11" type="exec" exec="55" button_type="above_fader" />
		<RemoteMidi index="197" note="55" channel="12" type="exec" exec="55" />
		<RemoteMidi index="198" note="56" channel="10" type="exec" exec="56" button_type="below_fader" />
		<RemoteMidi index="199" note="56" channel="11" type="exec" exec="56" button_type="above_fader" />
		<RemoteMidi index="200" note="56" channel="12" type="exec" exec="56" />
		<RemoteMidi index="201" note="57" channel="10" type="exec" exec="57" button_type="below_fader" />
		<RemoteMidi index="202" note="57" channel="11" type="exec" exec="57" button_type="above_fader" />
		<RemoteMidi index="203" note="57" channel="12" type="exec" exec="57" />
		<RemoteMidi index="204" note="58" channel="10" type="exec" exec="58" button_type="below_fader" />
		<RemoteMidi index="205" note="58" channel="11" type="exec" exec="58" button_type="above_fader" />
		<RemoteMidi index="206" note="58" channel="12" type="exec" exec="58" />
		<RemoteMidi index="207" note="59" channel="10" type="exec" exec="59" button_type="below_fader" />
		<RemoteMidi index="208" note="59" channel="11" type="exec" exec="59" button_type="above_fader" />
		<RemoteMidi index="209" note="59" channel="12" type="exec" exec="59" />
		<RemoteMidi index="210" note="60" channel="10" type="exec" exec="60" button_type="below_fader" />
		<RemoteMidi index="211" note="60" channel="11" type="exec" exec="60" button_type="above_fader" />
		<RemoteMidi index="212" note="60" channel="12" type="exec" exec="60" />
		<RemoteMidi index="213" note="61" channel="10" type="exec" exec="61" button_type="below_fader" />
		<RemoteMidi index="214" note="61" channel="11" type="exec" exec="61" button_type="above_fader" />
		<RemoteMidi index="215" note="61" channel="12" type="exec" exec="61" />
		<RemoteMidi index="216" note="62" channel="10" type="exec" exec="62" button_type="below_fader" />
		<RemoteMidi index="217" note="62" channel="11" type="exec" exec="62" button_type="above_fader" />
		<RemoteMidi index="218" note="62" channel="12" type="exec" exec="62" />
		<RemoteMidi index="219" note="63" channel="10" type="exec" exec="63" button_type="below_fader" />
		<RemoteMidi index="220" note="63" channel="11" type="exec" exec="63" button_type="above_fader" />
		<RemoteMidi index="221" note="63" channel="12" type="exec" exec="63" />
	</MidiRemotes>
</MA>